{
  "Uruguay": 1540.1293770094983,
  "Argentina": 1669.6608891646347,
  "USA": 1516.7939613800843,
  "Belgium": 1610.095148387099,
  "France": 1748.2282253445408,
  "Mexico": 1614.122619255573,
  "Chile": 1532.3411140506296,
  "Romania": 1534.0399283719314,
  "Peru": 1465.2893262398002,
  "Serbia": 1527.1023334687006,
  "Brazil": 1724.5580548872726,
  "Paraguay": 1502.395369066494,
  "Bolivia": 1424.4238251373035,
  "Italy": 1610.1188395744164,
  "Czechia": 1467.393521462091,
  "Switzerland": 1566.6486296220455,
  "Netherlands": 1741.2971703954038,
  "Hungary": 1467.6402280360012,
  "Egypt": 1449.4136352987985,
  "Spain": 1645.557716908431,
  "Germany": 1680.6489848495814,
  "Austria": 1489.545733137918,
  "Sweden": 1563.8455099368318,
  "Poland": 1512.0036494001497,
  "Norway": 1563.9548159982996,
  "Indonesia": 1478.979579164508,
  "Cuba": 1496.7754097312402,
  "England": 1601.949775442364,
  "Turkey": 1521.574306307072,
  "Scotland": 1432.2949785595897,
  "South Korea": 1437.2063943683063,
  "Northern Ireland": 1453.369407415051,
  "Wales": 1500.7920742782212,
  "Russia": 1520.7946899682747,
  "Colombia": 1591.9665189173168,
  "Bulgaria": 1416.320877246803,
  "North Korea": 1451.364022890628,
  "Portugal": 1592.9210948725286,
  "Israel": 1489.4352296214333,
  "El Salvador": 1388.4704998458672,
  "Morocco": 1514.2116593226679,
  "Zaire": 1449.8717788017636,
  "East Germany": 1513.6875883550208,
  "Australia": 1447.4024063718884,
  "Haiti": 1404.7957032686145,
  "Iran": 1442.5198255071366,
  "Tunisia": 1383.9264995748026,
  "Algeria": 1469.6159968404354,
  "Cameroon": 1410.9720142268595,
  "Honduras": 1398.1350916001106,
  "Kuwait": 1465.1223655718509,
  "New Zealand": 1436.6644531923575,
  "Iraq": 1396.5685289484752,
  "Denmark": 1558.815081536314,
  "Canada": 1461.8493113098757,
  "United Arab Emirates": 1450.14430492948,
  "Costa Rica": 1504.2730971612316,
  "Ireland": 1518.0537044478272,
  "Saudi Arabia": 1402.1630598147954,
  "Nigeria": 1451.017878561045,
  "Greece": 1448.094522038899,
  "South Africa": 1480.523152018078,
  "Japan": 1481.985620283479,
  "Jamaica": 1487.2835700504263,
  "Croatia": 1573.4472938465058,
  "China": 1454.7852701200682,
  "Slovenia": 1457.75265607028,
  "Senegal": 1515.279382017245,
  "Ecuador": 1507.3261951920465,
  "Ukraine": 1501.3738392458501,
  "Togo": 1438.05542950403,
  "Trinidad & Tobago": 1472.7367980056356,
  "Angola": 1481.9321271439246,
  "Ivory Coast": 1497.6511039690797,
  "Serbia and Montenegro": 1455.4038597159865,
  "Ghana": 1481.444048029723,
  "Slovakia": 1497.1304234763743,
  "Bosnia-Herzegovina": 1465.5476408407599,
  "Panama": 1404.8208117559782,
  "Iceland": 1468.8830724738723,
  "Czech Republic": 1475.595732755007,
  "Bosnia & Herzegovina": 1496.99798090689,
  "Qatar": 1457.3570312745992,
  "Cura\u00e7ao": 1470.9161901772102,
  "Cape Verde": 1506.617034578353,
  "Cabo Verde": 1512.3677220377597,
  "Jordan": 1449.6762812241814,
  "DR Congo": 1490.0189286619147,
  "Uzbekistan": 1447.7224682305564
}