{
  "Uruguay": 1569.0019327937453,
  "Argentina": 1646.754614979211,
  "USA": 1479.43513510473,
  "Belgium": 1624.8046783049053,
  "France": 1699.7219206930604,
  "Mexico": 1552.605571362762,
  "Chile": 1532.3411140506296,
  "Romania": 1534.0399283719314,
  "Peru": 1465.2893262398002,
  "Serbia": 1527.1023334687006,
  "Brazil": 1715.6303798084828,
  "Paraguay": 1503.3736591879106,
  "Bolivia": 1424.4238251373035,
  "Italy": 1610.1188395744164,
  "Czechia": 1504.7759543230572,
  "Switzerland": 1516.5191528541654,
  "Netherlands": 1751.7099437359254,
  "Hungary": 1467.6402280360012,
  "Egypt": 1416.806755019123,
  "Spain": 1619.4429251776419,
  "Germany": 1703.4529632616632,
  "Austria": 1495.4376653130748,
  "Sweden": 1581.9865221496616,
  "Poland": 1512.0036494001497,
  "Norway": 1523.6709965754944,
  "Indonesia": 1478.979579164508,
  "Cuba": 1496.7754097312402,
  "England": 1557.3060103871428,
  "Turkey": 1549.2156800188,
  "Scotland": 1439.670005634096,
  "South Korea": 1422.2160049641745,
  "Northern Ireland": 1453.369407415051,
  "Wales": 1500.7920742782212,
  "Russia": 1520.7946899682747,
  "Colombia": 1542.4478510541135,
  "Bulgaria": 1416.320877246803,
  "North Korea": 1451.364022890628,
  "Portugal": 1558.7617644793256,
  "Israel": 1489.4352296214333,
  "El Salvador": 1388.4704998458672,
  "Morocco": 1429.8103891048358,
  "Zaire": 1449.8717788017636,
  "East Germany": 1513.6875883550208,
  "Australia": 1435.2381497043418,
  "Haiti": 1449.8670223623312,
  "Iran": 1429.993733332252,
  "Tunisia": 1415.8151682942118,
  "Algeria": 1474.817814447761,
  "Cameroon": 1410.9720142268595,
  "Honduras": 1398.1350916001106,
  "Kuwait": 1465.1223655718509,
  "New Zealand": 1473.1764315899238,
  "Iraq": 1433.109234895518,
  "Denmark": 1558.815081536314,
  "Canada": 1447.4525509899454,
  "United Arab Emirates": 1450.14430492948,
  "Costa Rica": 1504.2730971612316,
  "Ireland": 1518.0537044478272,
  "Saudi Arabia": 1396.215880858816,
  "Nigeria": 1451.017878561045,
  "Greece": 1448.094522038899,
  "South Africa": 1502.0662604422846,
  "Japan": 1454.9771951052164,
  "Jamaica": 1487.2835700504263,
  "Croatia": 1587.7561612186773,
  "China": 1454.7852701200682,
  "Slovenia": 1457.75265607028,
  "Senegal": 1523.083023190456,
  "Ecuador": 1513.1681566667585,
  "Ukraine": 1501.3738392458501,
  "Togo": 1438.05542950403,
  "Trinidad & Tobago": 1472.7367980056356,
  "Angola": 1481.9321271439246,
  "Ivory Coast": 1483.8955712385464,
  "Serbia and Montenegro": 1455.4038597159865,
  "Ghana": 1491.8860654965463,
  "Slovakia": 1497.1304234763743,
  "Bosnia-Herzegovina": 1484.004509280419,
  "Panama": 1446.1330871210819,
  "Iceland": 1468.8830724738723
}