{
  "weights": [
    0.375,
    0.4682,
    0.1568
  ],
  "val_accuracy": 0.5147058823529411,
  "val_logloss": 1.0161237404876378
}