{
  "attack": {
    "Uruguay": 1.1171113316597583,
    "Argentina": 1.1944078665233822,
    "USA": 0.7935505442657056,
    "Belgium": 0.9547404985696771,
    "France": 1.2564550284207008,
    "Mexico": 0.7657066655195405,
    "Chile": 0.8817228269618952,
    "Romania": 0.9456477319166327,
    "Peru": 0.8486582209508242,
    "Serbia": 1.0657568356126628,
    "Brazil": 1.523467318472369,
    "Paraguay": 0.8082459247150706,
    "Bolivia": 0.12123688870726058,
    "Italy": 1.0597002124042036,
    "Czechia": 1.0183898651409888,
    "Switzerland": 0.9698951096580847,
    "Netherlands": 1.2511646914589292,
    "Hungary": 1.806820728475948,
    "Egypt": 0.5195866658882596,
    "Spain": 1.138062406897188,
    "Germany": 1.434447673863476,
    "Austria": 1.028423262827107,
    "Sweden": 1.1267899068086573,
    "Poland": 0.9627635279694223,
    "Norway": 0.636493665713118,
    "Indonesia": 0.0,
    "Cuba": 0.7274213322435635,
    "England": 0.8985792927714609,
    "Turkey": 1.636697997548018,
    "Scotland": 0.7906753611343081,
    "South Korea": 0.7060265871775764,
    "Northern Ireland": 0.6668028878899332,
    "Wales": 0.5819370657948508,
    "Russia": 1.2233904224096297,
    "Colombia": 1.0250027863432032,
    "Bulgaria": 0.6155103580522461,
    "North Korea": 0.6235039990659116,
    "Portugal": 1.1881215093311537,
    "Israel": 0.24247377741452117,
    "El Salvador": 0.12123688870726058,
    "Morocco": 0.636493665713118,
    "Zaire": 0.0,
    "East Germany": 0.606184443536303,
    "Australia": 0.5910298324478954,
    "Haiti": 0.48494755482904234,
    "Iran": 0.4364527993461381,
    "Tunisia": 0.6304318212777551,
    "Algeria": 0.6714658451479049,
    "Cameroon": 0.5060322311259572,
    "Honduras": 0.24247377741452117,
    "Kuwait": 0.48494755482904234,
    "New Zealand": 0.48494755482904234,
    "Iraq": 0.24247377741452117,
    "Denmark": 1.0911319983653454,
    "Canada": 0.0,
    "United Arab Emirates": 0.48494755482904234,
    "Costa Rica": 0.7678336284793171,
    "Ireland": 0.5595548709565874,
    "Saudi Arabia": 0.5001021659174499,
    "Nigeria": 0.7966995543619982,
    "Greece": 0.36371066612178177,
    "South Africa": 0.8890705171865777,
    "Japan": 0.6927822211843462,
    "Jamaica": 0.7274213322435635,
    "Croatia": 1.1069455055880315,
    "China": 0.0,
    "Slovenia": 0.606184443536303,
    "Senegal": 0.9092766653044544,
    "Ecuador": 0.7274213322435635,
    "Ukraine": 0.7274213322435635,
    "Togo": 0.24247377741452117,
    "Trinidad & Tobago": 0.0,
    "Angola": 0.24247377741452117,
    "Ivory Coast": 1.0507197021295918,
    "Serbia and Montenegro": 0.48494755482904234,
    "Ghana": 0.7274213322435635,
    "Slovakia": 0.9092766653044544,
    "Bosnia-Herzegovina": 0.9698951096580847,
    "Panama": 0.48494755482904234,
    "Iceland": 0.48494755482904234
  },
  "defence": {
    "Uruguay": 0.9352559985988674,
    "Argentina": 0.8262069452642944,
    "USA": 1.3005411697687954,
    "Belgium": 1.0002043318348999,
    "France": 0.8045720796027293,
    "Mexico": 1.2378924425899238,
    "Chile": 1.0801104630283216,
    "Romania": 1.0183898651409888,
    "Peru": 1.3336057757798665,
    "Serbia": 0.8965890839281132,
    "Brazil": 0.6999714706494669,
    "Paraguay": 0.9968366404819204,
    "Bolivia": 2.424737774145212,
    "Italy": 0.6376162294974446,
    "Czechia": 1.0183898651409888,
    "Switzerland": 1.2527811833083595,
    "Netherlands": 0.6110339190845934,
    "Hungary": 1.2671210303597558,
    "Egypt": 1.2470079981318232,
    "Spain": 0.8212821493072492,
    "Germany": 0.7206230020356797,
    "Austria": 1.1538407339035837,
    "Sweden": 1.012684599790059,
    "Poland": 0.919974037837448,
    "Norway": 0.636493665713118,
    "Indonesia": 4.364527993461381,
    "Cuba": 3.273395995096036,
    "England": 0.6418423519796149,
    "Turkey": 1.0911319983653454,
    "Scotland": 1.2967075922602653,
    "South Korea": 1.4976321546191012,
    "Northern Ireland": 1.394224220133497,
    "Wales": 0.5819370657948508,
    "Russia": 0.8100828472712411,
    "Colombia": 0.9258089683099899,
    "Bulgaria": 1.4828204080349563,
    "North Korea": 2.1822639967306907,
    "Portugal": 0.8486582209508242,
    "Israel": 0.7274213322435635,
    "El Salvador": 2.667211551559733,
    "Morocco": 1.0002043318348999,
    "Zaire": 3.394632883803297,
    "East Germany": 0.606184443536303,
    "Australia": 1.4093788312219044,
    "Haiti": 3.394632883803297,
    "Iran": 1.1638741315897017,
    "Tunisia": 1.212368887072606,
    "Algeria": 0.9512432806261985,
    "Cameroon": 1.2967075922602653,
    "Honduras": 1.131544294601099,
    "Kuwait": 1.454842664487127,
    "New Zealand": 1.6973164419016484,
    "Iraq": 0.9698951096580847,
    "Denmark": 0.9456477319166327,
    "Canada": 1.212368887072606,
    "United Arab Emirates": 2.667211551559733,
    "Costa Rica": 1.131544294601099,
    "Ireland": 0.5595548709565874,
    "Saudi Arabia": 1.7730894973436861,
    "Nigeria": 1.004534220717302,
    "Greece": 1.454842664487127,
    "South Africa": 1.293193479544113,
    "Japan": 1.004534220717302,
    "Jamaica": 2.1822639967306907,
    "Croatia": 0.8223023755796804,
    "China": 2.1822639967306907,
    "Slovenia": 1.212368887072606,
    "Senegal": 0.818348998774009,
    "Ecuador": 0.8001634654679199,
    "Ukraine": 1.0183898651409888,
    "Togo": 1.454842664487127,
    "Trinidad & Tobago": 0.9698951096580847,
    "Angola": 0.48494755482904234,
    "Ivory Coast": 1.131544294601099,
    "Serbia and Montenegro": 2.424737774145212,
    "Ghana": 0.9698951096580847,
    "Slovakia": 1.272987331426236,
    "Bosnia-Herzegovina": 0.9698951096580847,
    "Panama": 2.667211551559733,
    "Iceland": 1.212368887072606
  },
  "avg_goals": 1.3747191011235955
}